file,rows,task,aspect,modes,prompt_versions,system_variants,user_variants,prompt_sequence_variants,assistant_completion_variants,assistant_roles
data/novelty/cot/test_cot.jsonl,66,unseen_task,novelty,cot,original_wording_no_examples_v1,1,66,66,0,
data/novelty/label_only/test_label_only.jsonl,66,unseen_task,novelty,label_only,original_wording_no_examples_v1,1,66,66,0,
data/origin_data/rev_util__actionability__n10432.jsonl,10432,rev_util,actionability,,,1,10432,10432,0,
data/origin_data/rev_util__grounding_specificity__n10431.jsonl,10431,rev_util,grounding_specificity,,,1,10431,10431,0,
data/origin_data/rev_util__helpfulness__n10430.jsonl,10430,rev_util,helpfulness,,,1,10430,10430,0,
data/origin_data/rev_util__verifiability__n8323.jsonl,8323,rev_util,verifiability,,,1,8323,8323,0,
data/origin_data/rev_util__verifiability_extraction__n10430.jsonl,10430,rev_util,verifiability_extraction,,,1,10430,10430,0,
data/origin_data/rw_gen__coherence__n4890.jsonl,4890,rw_gen,coherence,,,1,4824,4824,0,
data/origin_data/rw_gen__positioning_check__n2822.jsonl,2822,rw_gen,positioning_check,,,1,2812,2812,0,
data/origin_data/rw_gen__positioning_type__n954.jsonl,954,rw_gen,positioning_type,,,1,954,954,0,
data/rev_util_actionability/cot/test_cot.jsonl,1000,rev_util,actionability,cot,original_wording_no_examples_v1,1,1000,1000,0,
data/rev_util_actionability/cot/train_cot.jsonl,1788,rev_util,actionability,,original_wording_no_examples_v1,1,1788,1788,1788,assistant
data/rev_util_actionability/label_only/test_label_only.jsonl,1000,rev_util,actionability,label_only,original_wording_no_examples_v1,1,1000,1000,0,
data/rev_util_actionability/label_only/train_label_only.jsonl,1788,rev_util,actionability,,original_wording_no_examples_v1,1,1788,1788,5,assistant
data/rev_util_grounding_specificity/cot/test_cot.jsonl,1000,rev_util,grounding_specificity,cot,original_wording_no_examples_v1,1,1000,1000,0,
data/rev_util_grounding_specificity/cot/train_cot.jsonl,2652,rev_util,grounding_specificity,,original_wording_no_examples_v1,1,2652,2652,2652,assistant
data/rev_util_grounding_specificity/label_only/test_label_only.jsonl,1000,rev_util,grounding_specificity,label_only,original_wording_no_examples_v1,1,1000,1000,0,
data/rev_util_grounding_specificity/label_only/train_label_only.jsonl,2652,rev_util,grounding_specificity,,original_wording_no_examples_v1,1,2652,2652,5,assistant
data/rev_util_helpfulness/cot/test_cot.jsonl,1000,rev_util,helpfulness,cot,original_wording_no_examples_v1,1,1000,1000,0,
data/rev_util_helpfulness/cot/train_cot.jsonl,2279,rev_util,helpfulness,,original_wording_no_examples_v1,1,2279,2279,2279,assistant
data/rev_util_helpfulness/label_only/test_label_only.jsonl,1000,rev_util,helpfulness,label_only,original_wording_no_examples_v1,1,1000,1000,0,
data/rev_util_helpfulness/label_only/train_label_only.jsonl,2279,rev_util,helpfulness,,original_wording_no_examples_v1,1,2279,2279,5,assistant
data/rev_util_verifiability/cot/test_cot.jsonl,788,rev_util,verifiability,cot,original_wording_no_examples_v1,1,788,788,0,
data/rev_util_verifiability/cot/train_cot.jsonl,1825,rev_util,verifiability,,original_wording_no_examples_v1,1,1825,1825,1825,assistant
data/rev_util_verifiability/label_only/test_label_only.jsonl,788,rev_util,verifiability,label_only,original_wording_no_examples_v1,1,788,788,0,
data/rev_util_verifiability/label_only/train_label_only.jsonl,1825,rev_util,verifiability,,original_wording_no_examples_v1,1,1825,1825,5,assistant
data/revision_correctness/cot/test_cot.jsonl,3026,unseen_task,revision_correctness,cot,original_wording_no_examples_v1,1,3026,3026,0,
data/revision_correctness/label_only/test_label_only.jsonl,3026,unseen_task,revision_correctness,label_only,original_wording_no_examples_v1,1,3026,3026,0,
data/revision_relatedness/cot/test_cot.jsonl,3026,unseen_task,revision_relatedness,cot,original_wording_no_examples_v1,1,3026,3026,0,
data/revision_relatedness/label_only/test_label_only.jsonl,3026,unseen_task,revision_relatedness,label_only,original_wording_no_examples_v1,1,3026,3026,0,
data/rw_gen_coherence/cot/test_cot.jsonl,1046,rw_gen,coherence,cot,original_wording_no_examples_v1,1,1046,1046,0,
data/rw_gen_coherence/cot/train_cot.jsonl,1526,rw_gen,coherence,,original_wording_no_examples_v1,1,1518,1518,1526,assistant
data/rw_gen_coherence/label_only/test_label_only.jsonl,1046,rw_gen,coherence,label_only,original_wording_no_examples_v1,1,1046,1046,0,
data/rw_gen_coherence/label_only/train_label_only.jsonl,1526,rw_gen,coherence,,original_wording_no_examples_v1,1,1518,1518,2,assistant
data/rw_gen_positioning_check/cot/test_cot.jsonl,603,rw_gen,positioning_check,cot,original_wording_no_examples_v1,1,603,603,0,
data/rw_gen_positioning_check/cot/train_cot.jsonl,2666,rw_gen,positioning_check,,original_wording_no_examples_v1,1,2657,2657,2666,assistant
data/rw_gen_positioning_check/label_only/test_label_only.jsonl,603,rw_gen,positioning_check,label_only,original_wording_no_examples_v1,1,603,603,0,
data/rw_gen_positioning_check/label_only/train_label_only.jsonl,2666,rw_gen,positioning_check,,original_wording_no_examples_v1,1,2657,2657,2,assistant
data/rw_gen_positioning_type/cot/test_cot.jsonl,204,rw_gen,positioning_type,cot,original_wording_no_examples_v1,1,204,204,0,
data/rw_gen_positioning_type/cot/train_cot.jsonl,944,rw_gen,positioning_type,,original_wording_no_examples_v1,1,944,944,944,assistant
data/rw_gen_positioning_type/label_only/test_label_only.jsonl,204,rw_gen,positioning_type,label_only,original_wording_no_examples_v1,1,204,204,0,
data/rw_gen_positioning_type/label_only/train_label_only.jsonl,944,rw_gen,positioning_type,,original_wording_no_examples_v1,1,944,944,2,assistant
